id,release_period,deadline_period,flexible,uniform_initial_utility,uniform_initial_bill,uniform_initial_delay_hours,uniform_initial_congestion_cost,uniform_equilibrium_utility,uniform_equilibrium_bill,uniform_equilibrium_delay_hours,uniform_equilibrium_congestion_cost,tou_initial_utility,tou_initial_bill,tou_initial_delay_hours,tou_initial_congestion_cost,tou_equilibrium_utility,tou_equilibrium_bill,tou_equilibrium_delay_hours,tou_equilibrium_congestion_cost
0,7,8,True,1.0961637007093314,0.9038362992906687,0.0,0.0,1.0864335482833667,0.9038362992906687,0.0,0.009730152425964813,0.9419140988528887,1.0580859011471115,0.0,0.0,0.8927434638445179,1.0580859011471115,0.0,0.049170635008370836
1,6,6,False,1.0631814747683317,0.746899363127265,0.0,0.18991916210440318,1.0833070826254823,0.7465651776676611,0.0,0.17006090261493578,0.867720731917583,0.9423601059780141,0.0,0.1899191621044032,0.8607310586700863,0.93555137954318,0.0,0.20235581649976736
2,7,7,False,1.0961637007093314,0.9038362992906687,0.0,0.0,1.0864335482833667,0.9038362992906687,0.0,0.009730152425964813,0.9419140988528887,1.0580859011471115,0.0,0.0,0.8927434638445179,1.0580859011471115,0.0,0.049170635008370836
3,7,8,True,1.0961637007093314,0.9038362992906687,0.0,0.0,1.0864335482833667,0.9038362992906687,0.0,0.009730152425964813,0.9419140988528887,1.0580859011471115,0.0,0.0,0.8927434638445179,1.0580859011471115,0.0,0.049170635008370836
4,4,4,False,1.253100636872735,0.746899363127265,0.0,0.0,1.1089953324534316,0.7289462362801167,0.0,0.15494401761951304,1.226615951893169,0.7733840481068313,0.0,0.0,1.1158488176734982,0.7634826025229904,0.0,0.11850891739663319
5,8,8,True,1.0961637007093314,0.9038362992906687,0.0,0.0,1.0882693779301091,0.9038362992906687,0.0,0.00789432277922221,0.9436649262079071,1.0563350737920933,0.0,0.0,0.9316394780161201,1.0563350737920933,0.0,0.012025448191786844
6,4,6,True,1.0961637007093314,0.9038362992906687,0.0,0.0,1.0949537770784594,0.9038362992906687,0.0,0.0012099236308720106,1.0632717541682173,0.936728245831783,0.0,0.0,1.0629044678800614,0.936728245831783,0.0,0.0003672862881556914
7,6,6,False,0.9204592624969882,0.9038362992906687,0.0,0.17570443821234316,1.0476975377214102,0.9038362992906687,0.0,0.04846616298792144,0.6422415141314812,1.1820540476561758,0.0,0.17570443821234322,0.8113937805796402,1.1820540476561758,0.0,0.006552171764184356
8,8,8,True,1.0961637007093314,0.9038362992906687,0.0,0.0,1.0882693779301091,0.9038362992906687,0.0,0.00789432277922221,0.9436649262079071,1.0563350737920933,0.0,0.0,0.9316394780161201,1.0563350737920933,0.0,0.012025448191786844
9,6,6,False,0.9204592624969882,0.9038362992906687,0.0,0.17570443821234316,1.0476975377214102,0.9038362992906687,0.0,0.04846616298792144,0.6422415141314812,1.1820540476561758,0.0,0.17570443821234322,0.8113937805796402,1.1820540476561758,0.0,0.006552171764184356
10,4,6,True,1.0961637007093314,0.9038362992906687,0.0,0.0,1.098598361935766,0.7289462362801167,0.0,0.15494401761951304,1.0632717541682173,0.936728245831783,0.0,0.0,1.0981383992110325,0.762827631610641,0.0,0.11850891739663319
11,4,4,False,1.0961637007093314,0.9038362992906687,0.0,0.0,1.0984795586614677,0.7296149082677823,0.0,0.15466161770121192,1.0632717541682173,0.936728245831783,0.0,0.0,1.063170225352898,0.902583813938935,0.0,0.03083151751888249
12,5,5,False,1.0961637007093314,0.9038362992906687,0.0,0.0,1.0949537770784594,0.9038362992906687,0.0,0.0012099236308720106,0.9210386009327398,1.0789613990672606,0.0,0.0,0.9206180725366979,1.0789613990672606,0.0,0.0004205283960418955
13,5,7,True,1.0961637007093314,0.9038362992906687,0.0,0.0,1.0949537770784594,0.9038362992906687,0.0,0.0012099236308720106,0.9210386009327398,1.0789613990672606,0.0,0.0,0.9206180725366979,1.0789613990672606,0.0,0.0004205283960418955
14,7,7,False,1.0961637007093314,0.9038362992906687,0.0,0.0,1.0864335482833667,0.9038362992906687,0.0,0.009730152425964813,0.9419140988528887,1.0580859011471115,0.0,0.0,0.8927434638445179,1.0580859011471115,0.0,0.049170635008370836
15,6,6,False,0.9204592624969882,0.9038362992906687,0.0,0.17570443821234316,1.0476975377214102,0.9038362992906687,0.0,0.04846616298792144,0.6422415141314812,1.1820540476561758,0.0,0.17570443821234322,0.826085053196364,0.9898864831561986,0.0,0.16911617080614338
16,4,6,True,1.0961637007093314,0.9038362992906687,0.0,0.0,1.0949537770784594,0.9038362992906687,0.0,0.0012099236308720106,1.0632717541682173,0.936728245831783,0.0,0.0,1.0629044678800614,0.936728245831783,0.0,0.0003672862881556914
17,6,6,False,0.9204592624969882,0.9038362992906687,0.0,0.17570443821234316,1.0476975377214102,0.9038362992906687,0.0,0.04846616298792144,0.6422415141314812,1.1820540476561758,0.0,0.17570443821234322,0.8113937805796402,1.1820540476561758,0.0,0.006552171764184356
18,8,8,False,1.0961637007093314,0.9038362992906687,0.0,0.0,1.0882693779301091,0.9038362992906687,0.0,0.00789432277922221,0.9436649262079071,1.0563350737920933,0.0,0.0,0.9316394780161201,1.0563350737920933,0.0,0.012025448191786844
19,4,4,False,1.253100636872735,0.746899363127265,0.0,0.0,1.1089953324534316,0.7289462362801167,0.0,0.15494401761951304,1.226615951893169,0.7733840481068313,0.0,0.0,1.1158488176734982,0.7634826025229904,0.0,0.11850891739663319
20,8,8,True,1.0961637007093314,0.9038362992906687,0.0,0.0,1.0882693779301091,0.9038362992906687,0.0,0.00789432277922221,0.9436649262079071,1.0563350737920933,0.0,0.0,0.9316394780161201,1.0563350737920933,0.0,0.012025448191786844
21,4,4,False,1.0961637007093314,0.9038362992906687,0.0,0.0,1.0949537770784594,0.9038362992906687,0.0,0.0012099236308720106,1.0632717541682173,0.936728245831783,0.0,0.0,1.0629044678800614,0.936728245831783,0.0,0.0003672862881556914
22,8,8,True,1.0961637007093314,0.9038362992906687,0.0,0.0,1.0882693779301091,0.9038362992906687,0.0,0.00789432277922221,0.9436649262079071,1.0563350737920933,0.0,0.0,0.9316394780161201,1.0563350737920933,0.0,0.012025448191786844
23,7,7,False,1.0961637007093314,0.9038362992906687,0.0,0.0,1.0864335482833667,0.9038362992906687,0.0,0.009730152425964813,0.9419140988528887,1.0580859011471115,0.0,0.0,0.8927434638445179,1.0580859011471115,0.0,0.049170635008370836
24,5,7,True,1.0961637007093314,0.9038362992906687,0.0,0.0,1.098598361935766,0.7289462362801167,0.0,0.15494401761951304,0.9210386009327398,1.0789613990672606,0.0,0.0,0.9558239763791209,0.8606558864653695,0.0,0.1573129266991642
25,6,8,True,1.0631814747683317,0.746899363127265,0.0,0.18991916210440318,1.083353305323517,0.746899363127265,0.0,0.169747331549218,0.867720731917583,0.9423601059780141,0.0,0.1899191621044032,0.863678777891254,0.9229546369999182,0.3410729235340507,0.204998839041199
26,1,1,False,1.0961637007093314,0.9038362992906687,0.0,0.0,1.1820268980883615,0.7296149082677823,0.0,0.07111427827431792,1.0841576790628016,0.9158423209371988,0.0,0.0,1.1839962134671083,0.7472989389202381,0.0,0.048179795830960666
27,7,7,False,1.253100636872735,0.746899363127265,0.0,0.0,1.0994092793828456,0.7465651776676611,0.0,0.15395870585757238,1.1430269529576313,0.8569730470423691,0.0,0.0,0.9316275859042809,0.8569730470423691,0.0,0.2113993670533506
28,6,6,False,0.9204592624969882,0.9038362992906687,0.0,0.17570443821234316,1.0476975377214102,0.9038362992906687,0.0,0.04846616298792144,0.6422415141314812,1.1820540476561758,0.0,0.17570443821234322,0.8113937805796402,1.1820540476561758,0.0,0.006552171764184356
29,4,6,True,1.0961637007093314,0.9038362992906687,0.0,0.0,1.098453326871036,0.7307765577768652,0.0,0.1536810865837719,1.0632717541682173,0.936728245831783,0.0,0.0,1.0629044678800614,0.936728245831783,0.0,0.0003672862881556914
30,8,8,False,0.8022739680690414,0.746899363127265,0.0,0.4508266688036937,1.0908547886503919,0.7465651776676611,0.0,0.1625131965900262,0.6934062229590359,0.8557671082372706,0.0,0.4508266688036938,0.9322897237930208,0.8557671082372706,0.0,0.2119431679697087
31,6,8,True,1.0631814747683317,0.746899363127265,0.0,0.18991916210440318,1.0825513292062134,0.7292804217397206,0.0,0.1811206724990482,0.867720731917583,0.9423601059780141,0.0,0.1899191621044032,0.8603382141942608,0.9091736640676733,0.8757646064708734,0.2068174718439956
32,8,8,False,0.8022739680690414,0.746899363127265,0.0,0.4508266688036937,1.0939851544577248,0.7289462362801167,0.0,0.16995419561521985,0.6934062229590359,0.8557671082372706,0.0,0.4508266688036938,0.9279082162823866,0.8502522218360097,0.0,0.2152133208373318
33,8,8,True,0.8022739680690414,0.746899363127265,0.0,0.4508266688036937,1.0908547886503919,0.7465651776676611,0.0,0.1625131965900262,0.6934062229590359,0.8557671082372706,0.0,0.4508266688036938,0.9316491273466136,0.8513109818328879,0.0,0.2144307842442551
34,6,6,False,0.9204592624969882,0.9038362992906687,0.0,0.17570443821234316,1.0476975377214102,0.9038362992906687,0.0,0.04846616298792144,0.6422415141314812,1.1820540476561758,0.0,0.17570443821234322,0.8113937805796402,1.1820540476561758,0.0,0.006552171764184356
35,1,1,False,1.0961637007093314,0.9038362992906687,0.0,0.0,1.1820268980883615,0.7296149082677823,0.0,0.07111427827431792,1.0841576790628016,0.9158423209371988,0.0,0.0,1.1839962134671083,0.7472989389202381,0.0,0.048179795830960666
36,4,6,True,1.0961637007093314,0.9038362992906687,0.0,0.0,1.098598361935766,0.7289462362801167,0.0,0.15494401761951304,1.0632717541682173,0.936728245831783,0.0,0.0,1.0981383992110325,0.762827631610641,0.0,0.11850891739663319
37,1,3,True,1.253100636872735,0.746899363127265,0.0,0.0,1.2074438680063193,0.7289462362801167,1.7243915369538254,0.01848893608765984,1.2410018062452328,0.7589981937547675,0.0,0.0,1.3343397287151513,0.5862133735946553,3.000000000000001,0.005483412535598106
38,5,7,True,1.0961637007093314,0.9038362992906687,0.0,0.0,1.0949537770784594,0.9038362992906687,0.0,0.0012099236308720106,0.9210386009327398,1.0789613990672606,0.0,0.0,0.9206180725366979,1.0789613990672606,0.0,0.0004205283960418955
39,6,8,True,1.0631814747683317,0.746899363127265,0.0,0.18991916210440318,1.083353305323517,0.746899363127265,0.0,0.169747331549218,0.867720731917583,0.9423601059780141,0.0,0.1899191621044032,0.860648435284296,0.9378787401584385,0.13617452869668223,0.19814114828447943
40,7,8,True,1.0961637007093314,0.9038362992906687,0.0,0.0,1.0864335482833667,0.9038362992906687,0.0,0.009730152425964813,0.9419140988528887,1.0580859011471115,0.0,0.0,0.8927434638445179,1.0580859011471115,0.0,0.049170635008370836
41,6,8,True,0.9204592624969882,0.9038362992906687,0.0,0.17570443821234316,1.0476975377214102,0.9038362992906687,0.0,0.04846616298792144,0.6422415141314812,1.1820540476561758,0.0,0.17570443821234322,0.8238470744092817,1.069864496926704,2.6589270764659503,0.04518166602818082
42,6,6,False,0.9204592624969882,0.9038362992906687,0.0,0.17570443821234316,1.0476975377214102,0.9038362992906687,0.0,0.04846616298792144,0.6422415141314812,1.1820540476561758,0.0,0.17570443821234322,0.8113937805796402,1.1820540476561758,0.0,0.006552171764184356
43,8,8,True,1.0961637007093314,0.9038362992906687,0.0,0.0,1.0882693779301091,0.9038362992906687,0.0,0.00789432277922221,0.9436649262079071,1.0563350737920933,0.0,0.0,0.9316394780161201,1.0563350737920933,0.0,0.012025448191786844
44,4,4,False,1.0961637007093314,0.9038362992906687,0.0,0.0,1.0949537770784594,0.9038362992906687,0.0,0.0012099236308720106,1.0632717541682173,0.936728245831783,0.0,0.0,1.0629044678800614,0.936728245831783,0.0,0.0003672862881556914
45,6,8,True,0.9204592624969882,0.9038362992906687,0.0,0.17570443821234316,1.0476975377214102,0.9038362992906687,0.0,0.04846616298792144,0.6422415141314812,1.1820540476561758,0.0,0.17570443821234322,0.8113937805796402,1.1820540476561758,0.0,0.006552171764184356
46,5,5,False,1.0961637007093314,0.9038362992906687,0.0,0.0,1.098598361935766,0.7289462362801167,0.0,0.15494401761951304,0.9210386009327398,1.0789613990672606,0.0,0.0,0.9558239763791209,0.8606558864653695,0.0,0.1573129266991642
47,4,6,True,1.0961637007093314,0.9038362992906687,0.0,0.0,1.098598361935766,0.7289462362801167,0.0,0.15494401761951304,1.0632717541682173,0.936728245831783,0.0,0.0,1.0981383992110325,0.762827631610641,0.0,0.11850891739663319
48,7,7,False,1.0961637007093314,0.9038362992906687,0.0,0.0,1.0877223337121935,0.7404621774204391,0.0,0.1554393550300418,0.9419140988528887,1.0580859011471115,0.0,0.0,0.8927434638445179,1.0580859011471115,0.0,0.049170635008370836
49,8,8,True,1.0961637007093314,0.9038362992906687,0.0,0.0,1.0882693779301091,0.9038362992906687,0.0,0.00789432277922221,0.9436649262079071,1.0563350737920933,0.0,0.0,0.9316394780161201,1.0563350737920933,0.0,0.012025448191786844
50,6,8,True,0.9204592624969882,0.9038362992906687,0.0,0.17570443821234316,1.0476975377214102,0.9038362992906687,0.0,0.04846616298792144,0.6422415141314812,1.1820540476561758,0.0,0.17570443821234322,0.8298299897947248,1.083306233060882,2.250475243557961,0.04104296072258268
51,5,5,False,1.0961637007093314,0.9038362992906687,0.0,0.0,1.098598361935766,0.7289462362801167,0.0,0.15494401761951304,0.9210386009327398,1.0789613990672606,0.0,0.0,0.9551887094703165,0.8657259507595495,0.0,0.1573129266991642
52,5,7,True,1.253100636872735,0.746899363127265,0.0,0.0,1.1089953324534316,0.7289462362801167,0.0,0.15494401761951304,1.1286482805205225,0.8713517194794779,0.0,0.0,0.9784944894109544,0.8620861635908894,0.0,0.157259684591278
53,8,8,True,0.8022739680690414,0.746899363127265,0.0,0.4508266688036937,1.0597083757817298,0.8929890301380119,0.0,0.01817037561247081,0.6934062229590359,0.8557671082372706,0.0,0.4508266688036938,0.9137424677381911,0.9239735265991754,0.0,0.1435209562000183
54,6,6,False,0.9204592624969882,0.9038362992906687,0.0,0.17570443821234316,1.0476975377214102,0.9038362992906687,0.0,0.04846616298792144,0.6422415141314812,1.1820540476561758,0.0,0.17570443821234322,0.8113937805796402,1.1820540476561758,0.0,0.006552171764184356
55,3,3,False,1.0961637007093314,0.9038362992906687,0.0,0.0,1.253542379555279,0.7289462362801167,0.0,0.0,1.332761802151781,0.6672381978482194,0.0,0.0,1.4200158020318894,0.5593340166957175,0.0,0.0
56,5,7,True,1.0961637007093314,0.9038362992906687,0.0,0.0,1.0984795586614677,0.7296149082677823,0.0,0.15466161770121192,0.9210386009327398,1.0789613990672606,0.0,0.0,0.9543487622629266,0.8704613604176584,0.0,0.15506191973044373
57,8,8,True,1.0961637007093314,0.9038362992906687,0.0,0.0,1.0882693779301091,0.9038362992906687,0.0,0.00789432277922221,0.9436649262079071,1.0563350737920933,0.0,0.0,0.9316394780161201,1.0563350737920933,0.0,0.012025448191786844
58,6,6,False,0.9204592624969882,0.9038362992906687,0.0,0.17570443821234316,1.0476975377214102,0.9038362992906687,0.0,0.04846616298792144,0.6422415141314812,1.1820540476561758,0.0,0.17570443821234322,0.8113937805796402,1.1820540476561758,0.0,0.006552171764184356
59,8,8,True,0.8022739680690414,0.746899363127265,0.0,0.4508266688036937,1.0940564509348925,0.7289462362801167,0.0,0.16450869694959525,0.6934062229590359,0.8557671082372706,0.0,0.4508266688036938,0.9282159654153626,0.8494027512942961,0.0,0.21415369636131176
60,5,5,False,1.0961637007093314,0.9038362992906687,0.0,0.0,1.098598361935766,0.7289462362801167,0.0,0.15494401761951304,0.9210386009327398,1.0789613990672606,0.0,0.0,0.9558239763791209,0.8606558864653695,0.0,0.1573129266991642
61,7,8,True,1.253100636872735,0.746899363127265,0.0,0.0,1.0993665428840937,0.746899363127265,0.0,0.15373409398864102,1.1430269529576313,0.8569730470423691,0.0,0.0,0.93017713532874,0.856881914490464,0.1543743868501674,0.2113216501108664
62,8,8,False,0.8022739680690414,0.746899363127265,0.0,0.4508266688036937,1.09081205215164,0.746899363127265,0.0,0.1622885847210948,0.6934062229590359,0.8557671082372706,0.0,0.4508266688036938,0.9322897237930208,0.8557671082372706,0.0,0.2119431679697087
63,6,6,False,1.0631814747683317,0.746899363127265,0.0,0.18991916210440318,1.083353305323517,0.746899363127265,0.0,0.169747331549218,0.867720731917583,0.9423601059780141,0.0,0.1899191621044032,0.8607310586700863,0.93555137954318,0.0,0.20235581649976736
64,1,3,True,1.0961637007093314,0.9038362992906687,0.0,0.0,1.208015069021906,0.7289462362801167,1.7243915369538254,0.01848893608765984,1.0841576790628016,0.9158423209371988,0.0,0.0,1.3306168656659274,0.5693137180655792,5.065018127239373,0.0
65,6,6,False,0.9204592624969882,0.9038362992906687,0.0,0.17570443821234316,1.0476975377214102,0.9038362992906687,0.0,0.04846616298792144,0.6422415141314812,1.1820540476561758,0.0,0.17570443821234322,0.8113937805796402,1.1820540476561758,0.0,0.006552171764184356
66,7,8,True,1.0961637007093314,0.9038362992906687,0.0,0.0,1.0864335482833667,0.9038362992906687,0.0,0.009730152425964813,0.9419140988528887,1.0580859011471115,0.0,0.0,0.8970890136650971,1.0564822833053835,2.6971327746369793,0.015073881059563154
67,4,4,False,1.253100636872735,0.746899363127265,0.0,0.0,1.1089953324534316,0.7289462362801167,0.0,0.15494401761951304,1.226615951893169,0.7733840481068313,0.0,0.0,1.1158488176734982,0.7634826025229904,0.0,0.11850891739663319
68,8,8,False,1.0961637007093314,0.9038362992906687,0.0,0.0,1.0882693779301091,0.9038362992906687,0.0,0.00789432277922221,0.9436649262079071,1.0563350737920933,0.0,0.0,0.9316394780161201,1.0563350737920933,0.0,0.012025448191786844
69,7,7,False,1.0961637007093314,0.9038362992906687,0.0,0.0,1.0864335482833667,0.9038362992906687,0.0,0.009730152425964813,0.9419140988528887,1.0580859011471115,0.0,0.0,0.8927434638445179,1.0580859011471115,0.0,0.049170635008370836
70,6,8,True,1.0631814747683317,0.746899363127265,0.0,0.18991916210440318,1.083353305323517,0.746899363127265,0.0,0.169747331549218,0.867720731917583,0.9423601059780141,0.0,0.1899191621044032,0.8735996945090864,0.8862958918601187,1.8705082384948732,0.20167316092537596
71,8,8,True,1.0961637007093314,0.9038362992906687,0.0,0.0,1.0882693779301091,0.9038362992906687,0.0,0.00789432277922221,0.9436649262079071,1.0563350737920933,0.0,0.0,0.9316394780161201,1.0563350737920933,0.0,0.012025448191786844
72,6,6,False,0.9204592624969882,0.9038362992906687,0.0,0.17570443821234316,1.0476975377214102,0.9038362992906687,0.0,0.04846616298792144,0.6422415141314812,1.1820540476561758,0.0,0.17570443821234322,0.8113937805796402,1.1820540476561758,0.0,0.006552171764184356
73,1,1,False,1.0961637007093314,0.9038362992906687,0.0,0.0,1.1821457013626597,0.7289462362801167,0.0,0.07139667819261902,1.0841576790628016,0.9158423209371988,0.0,0.0,1.1839962134671083,0.7472989389202381,0.0,0.048179795830960666
74,1,3,True,1.0961637007093314,0.9038362992906687,0.0,0.0,1.1936988300095068,0.7289462362801167,1.7243915369538254,0.01848893608765984,1.0841576790628016,0.9158423209371988,0.0,0.0,1.3150205017124192,0.5868994597681415,3.000000000000001,0.005483412535598106
75,5,7,True,1.0961637007093314,0.9038362992906687,0.0,0.0,1.0949537770784594,0.9038362992906687,0.0,0.0012099236308720106,0.9210386009327398,1.0789613990672606,0.0,0.0,0.9206180725366979,1.0789613990672606,0.0,0.0004205283960418955
76,6,8,True,0.9204592624969882,0.9038362992906687,0.0,0.17570443821234316,1.0476975377214102,0.9038362992906687,0.0,0.04846616298792144,0.6422415141314812,1.1820540476561758,0.0,0.17570443821234322,0.835351690084375,1.0580859011471115,3.000000000000001,0.049170635008370836
77,7,8,True,1.0961637007093314,0.9038362992906687,0.0,0.0,1.0899593298663748,0.7296149082677823,0.0,0.16318184649630474,0.9419140988528887,1.0580859011471115,0.0,0.0,0.8927434638445179,1.0580859011471115,0.0,0.049170635008370836
78,1,3,True,1.0961637007093314,0.9038362992906687,0.0,0.0,1.1989542935547213,0.7296149082677823,1.7243915369538254,0.01820653616935873,1.0841576790628016,0.9158423209371988,0.0,0.0,1.324370350695684,0.5868994597681415,3.000000000000001,0.005483412535598106
79,1,3,True,1.253100636872735,0.746899363127265,0.0,0.0,1.210641039151295,0.7289462362801167,1.7243915369538254,0.01848893608765984,1.2410018062452328,0.7589981937547675,0.0,0.0,1.3399019883466674,0.5862133735946553,3.000000000000001,0.005483412535598106
80,4,4,False,1.253100636872735,0.746899363127265,0.0,0.0,1.1089953324534316,0.7289462362801167,0.0,0.15494401761951304,1.226615951893169,0.7733840481068313,0.0,0.0,1.1158488176734982,0.7634826025229904,0.0,0.11850891739663319
81,4,4,False,1.0961637007093314,0.9038362992906687,0.0,0.0,1.098598361935766,0.7289462362801167,0.0,0.15494401761951304,1.0632717541682173,0.936728245831783,0.0,0.0,1.0981383992110325,0.762827631610641,0.0,0.11850891739663319
82,4,6,True,1.0961637007093314,0.9038362992906687,0.0,0.0,1.0984795586614677,0.7296149082677823,0.0,0.15466161770121192,1.0632717541682173,0.936728245831783,0.0,0.0,1.0903986743598937,0.7877809729787683,0.0,0.10645955730585223
83,8,8,True,0.8022739680690414,0.746899363127265,0.0,0.4508266688036937,1.0937494288852079,0.7296149082677823,0.0,0.16387957821654778,0.6934062229590359,0.8557671082372706,0.0,0.4508266688036938,0.9267035468367162,0.8536236062638026,0.0,0.20980080448845298
84,6,8,True,1.0631814747683317,0.746899363127265,0.0,0.18991916210440318,1.0666898885925942,0.7289462362801167,3.0,0.16139970488276606,0.867720731917583,0.9423601059780141,0.0,0.1899191621044032,0.8959482604286613,0.8484836315892061,3.000000000000001,0.2179407459593799
85,7,7,False,1.0961637007093314,0.9038362992906687,0.0,0.0,1.0864335482833667,0.9038362992906687,0.0,0.009730152425964813,0.9419140988528887,1.0580859011471115,0.0,0.0,0.8927434638445179,1.0580859011471115,0.0,0.049170635008370836
86,8,8,True,1.0961637007093314,0.9038362992906687,0.0,0.0,1.0882693779301091,0.9038362992906687,0.0,0.00789432277922221,0.9436649262079071,1.0563350737920933,0.0,0.0,0.9316394780161201,1.0563350737920933,0.0,0.012025448191786844
87,1,3,True,1.0961637007093314,0.9038362992906687,0.0,0.0,1.2075954662338102,0.7296149082677823,1.7243915369538254,0.01820653616935873,1.0841576790628016,0.9158423209371988,0.0,0.0,1.3394037798686556,0.5868994597681415,3.000000000000001,0.005483412535598106
88,8,8,True,0.8022739680690414,0.746899363127265,0.0,0.4508266688036937,1.09081205215164,0.746899363127265,0.0,0.1622885847210948,0.6934062229590359,0.8557671082372706,0.0,0.4508266688036938,0.9322897237930208,0.8557671082372706,0.0,0.2119431679697087
89,6,8,True,0.9204592624969882,0.9038362992906687,0.0,0.17570443821234316,1.0541458739962986,0.7289462362801167,3.0,0.16345286364741934,0.6422415141314812,1.1820540476561758,0.0,0.17570443821234322,0.8712954344773854,0.8573511466327692,3.114906062678312,0.2130594313543433
90,5,7,True,1.0961637007093314,0.9038362992906687,0.0,0.0,1.0949537770784594,0.9038362992906687,0.0,0.0012099236308720106,0.9210386009327398,1.0789613990672606,0.0,0.0,0.9206180725366979,1.0789613990672606,0.0,0.0004205283960418955
91,4,6,True,1.0961637007093314,0.9038362992906687,0.0,0.0,1.098598361935766,0.7289462362801167,0.0,0.15494401761951304,1.0632717541682173,0.936728245831783,0.0,0.0,1.0981383992110325,0.762827631610641,0.0,0.11850891739663319
92,4,6,True,1.0961637007093314,0.9038362992906687,0.0,0.0,1.0955482564983738,0.8929890301380119,0.08677815322125398,0.008952415097134951,1.0632717541682173,0.936728245831783,0.0,0.0,1.0981136431037886,0.7630071598740309,0.0,0.11842942997865807
93,5,5,False,1.0961637007093314,0.9038362992906687,0.0,0.0,1.098598361935766,0.7289462362801167,0.0,0.15494401761951304,0.9210386009327398,1.0789613990672606,0.0,0.0,0.9551887094703165,0.8657259507595495,0.0,0.1573129266991642
94,5,7,True,1.0961637007093314,0.9038362992906687,0.0,0.0,1.0949537770784594,0.9038362992906687,0.0,0.0012099236308720106,0.9210386009327398,1.0789613990672606,0.0,0.0,0.9206180725366979,1.0789613990672606,0.0,0.0004205283960418955
95,8,8,False,0.8022739680690414,0.746899363127265,0.0,0.4508266688036937,1.0937494288852079,0.7296149082677823,0.0,0.16387957821654778,0.6934062229590359,0.8557671082372706,0.0,0.4508266688036938,0.9267046514663797,0.8517553513247476,0.0,0.21206504899056655
96,8,8,True,1.0961637007093314,0.9038362992906687,0.0,0.0,1.0882693779301091,0.9038362992906687,0.0,0.00789432277922221,0.9436649262079071,1.0563350737920933,0.0,0.0,0.9316394780161201,1.0563350737920933,0.0,0.012025448191786844
97,5,5,False,1.253100636872735,0.746899363127265,0.0,0.0,1.1089953324534316,0.7289462362801167,0.0,0.15494401761951304,1.1286482805205225,0.8713517194794779,0.0,0.0,0.9786204576001261,0.8606558864653695,0.0,0.1573129266991642
98,6,8,True,1.0631814747683317,0.746899363127265,0.0,0.18991916210440318,1.0833119096658763,0.7465651776676611,0.006683709192078462,0.16995419561521985,0.867720731917583,0.9423601059780141,0.0,0.1899191621044032,0.8663350571117182,0.9266748779674454,0.41145989982055137,0.20071817058018515
99,7,8,True,1.0961637007093314,0.9038362992906687,0.0,0.0,1.0877223337121935,0.7404621774204391,0.0,0.1554393550300418,0.9419140988528887,1.0580859011471115,0.0,0.0,0.8927434638445179,1.0580859011471115,0.0,0.049170635008370836
100,6,8,True,0.9204592624969882,0.9038362992906687,0.0,0.17570443821234316,1.0476975377214102,0.9038362992906687,0.0,0.04846616298792144,0.6422415141314812,1.1820540476561758,0.0,0.17570443821234322,0.8113937805796402,1.1820540476561758,0.0,0.006552171764184356
101,7,8,True,1.0961637007093314,0.9038362992906687,0.0,0.0,1.0864335482833667,0.9038362992906687,0.0,0.009730152425964813,0.9419140988528887,1.0580859011471115,0.0,0.0,0.8927434638445179,1.0580859011471115,0.0,0.049170635008370836
102,8,8,True,1.0961637007093314,0.9038362992906687,0.0,0.0,1.0882693779301091,0.9038362992906687,0.0,0.00789432277922221,0.9436649262079071,1.0563350737920933,0.0,0.0,0.9316394780161201,1.0563350737920933,0.0,0.012025448191786844
103,6,8,True,0.9204592624969882,0.9038362992906687,0.0,0.17570443821234316,1.0476975377214102,0.9038362992906687,0.0,0.04846616298792144,0.6422415141314812,1.1820540476561758,0.0,0.17570443821234322,0.8182924514511687,1.091600705072953,2.0614431723364035,0.037817483839669624
104,8,8,True,1.0961637007093314,0.9038362992906687,0.0,0.0,1.0882693779301091,0.9038362992906687,0.0,0.00789432277922221,0.9436649262079071,1.0563350737920933,0.0,0.0,0.9316394780161201,1.0563350737920933,0.0,0.012025448191786844
105,8,8,True,1.0961637007093314,0.9038362992906687,0.0,0.0,1.0882693779301091,0.9038362992906687,0.0,0.00789432277922221,0.9436649262079071,1.0563350737920933,0.0,0.0,0.9316394780161201,1.0563350737920933,0.0,0.012025448191786844
106,5,5,False,1.0961637007093314,0.9038362992906687,0.0,0.0,1.0949537770784594,0.9038362992906687,0.0,0.0012099236308720106,0.9210386009327398,1.0789613990672606,0.0,0.0,0.9206180725366979,1.0789613990672606,0.0,0.0004205283960418955
107,8,8,True,1.0961637007093314,0.9038362992906687,0.0,0.0,1.0882693779301091,0.9038362992906687,0.0,0.00789432277922221,0.9436649262079071,1.0563350737920933,0.0,0.0,0.9316394780161201,1.0563350737920933,0.0,0.012025448191786844
108,3,5,True,1.0961637007093314,0.9038362992906687,0.0,0.0,1.253542379555279,0.7289462362801167,0.0,0.0,1.332761802151781,0.6672381978482194,0.0,0.0,1.4200158020318894,0.5593340166957175,0.0,0.0
109,5,5,False,1.0961637007093314,0.9038362992906687,0.0,0.0,1.0984795586614677,0.7296149082677823,0.0,0.15466161770121192,0.9210386009327398,1.0789613990672606,0.0,0.0,0.9482887995898186,0.9009483650201222,0.0,0.13540204003457332
110,6,6,False,0.9204592624969882,0.9038362992906687,0.0,0.17570443821234316,1.066568137059004,0.7296149082677823,0.0,0.18657303930367555,0.6422415141314812,1.1820540476561758,0.0,0.17570443821234322,0.8291557440424069,0.9742970803862718,0.0,0.17936533844290412
111,6,8,True,0.9204592624969882,0.9038362992906687,0.0,0.17570443821234316,1.0471598108371065,0.9038362992906687,2.913221846778746,0.010318219768911875,0.6422415141314812,1.1820540476561758,0.0,0.17570443821234322,0.8542634617550576,1.0573060158986864,4.29251760208822,0.031428711773310906
112,7,8,True,1.0961637007093314,0.9038362992906687,0.0,0.0,1.0864335482833667,0.9038362992906687,0.0,0.009730152425964813,0.9419140988528887,1.0580859011471115,0.0,0.0,0.8927434638445179,1.0580859011471115,0.0,0.049170635008370836
113,5,5,False,1.0961637007093314,0.9038362992906687,0.0,0.0,1.0949537770784594,0.9038362992906687,0.0,0.0012099236308720106,0.9210386009327398,1.0789613990672606,0.0,0.0,0.9206180725366979,1.0789613990672606,0.0,0.0004205283960418955
114,1,1,False,1.0961637007093314,0.9038362992906687,0.0,0.0,1.1821457013626597,0.7289462362801167,0.0,0.07139667819261902,1.0841576790628016,0.9158423209371988,0.0,0.0,1.1839962134671083,0.7472989389202381,0.0,0.048179795830960666
115,6,6,False,1.0631814747683317,0.746899363127265,0.0,0.18991916210440318,1.083353305323517,0.746899363127265,0.0,0.169747331549218,0.867720731917583,0.9423601059780141,0.0,0.1899191621044032,0.861512325406892,0.9310236275552952,0.0,0.2041426977441433
116,7,7,False,1.253100636872735,0.746899363127265,0.0,0.0,1.0994092793828456,0.7465651776676611,0.0,0.15395870585757238,1.1430269529576313,0.8569730470423691,0.0,0.0,0.9316275859042809,0.8569730470423691,0.0,0.2113993670533506
117,1,3,True,1.0961637007093314,0.9038362992906687,0.0,0.0,1.1820268980883615,0.7296149082677823,0.0,0.07111427827431792,1.0841576790628016,0.9158423209371988,0.0,0.0,1.3134141640708226,0.5868994597681415,3.000000000000001,0.005483412535598106
118,6,6,False,0.9204592624969882,0.9038362992906687,0.0,0.17570443821234316,1.0476975377214102,0.9038362992906687,0.0,0.04846616298792144,0.6422415141314812,1.1820540476561758,0.0,0.17570443821234322,0.8113937805796402,1.1820540476561758,0.0,0.006552171764184356
119,6,8,True,0.9204592624969882,0.9038362992906687,0.0,0.17570443821234316,1.0476975377214102,0.9038362992906687,0.0,0.04846616298792144,0.6422415141314812,1.1820540476561758,0.0,0.17570443821234322,0.8136228051972823,1.1052940963979472,1.5653472395525911,0.03425565518800904
120,6,8,True,0.9204592624969882,0.9038362992906687,0.0,0.17570443821234316,1.0483746003715775,0.8929890301380119,0.08677815322125398,0.05562058711123732,0.6422415141314812,1.1820540476561758,0.0,0.17570443821234322,0.8332114541545024,0.8823237252779985,2.236290473402078,0.20890716410952487
121,4,6,True,1.0961637007093314,0.9038362992906687,0.0,0.0,1.098598361935766,0.7289462362801167,0.0,0.15494401761951304,1.0632717541682173,0.936728245831783,0.0,0.0,1.0981383992110325,0.762827631610641,0.0,0.11850891739663319
122,7,7,False,1.0961637007093314,0.9038362992906687,0.0,0.0,1.0864335482833667,0.9038362992906687,0.0,0.009730152425964813,0.9419140988528887,1.0580859011471115,0.0,0.0,0.8927434638445179,1.0580859011471115,0.0,0.049170635008370836
123,1,1,False,1.0961637007093314,0.9038362992906687,0.0,0.0,1.1820268980883615,0.7296149082677823,0.0,0.07111427827431792,1.0841576790628016,0.9158423209371988,0.0,0.0,1.1839962134671083,0.7472989389202381,0.0,0.048179795830960666
124,5,5,False,1.0961637007093314,0.9038362992906687,0.0,0.0,1.098598361935766,0.7289462362801167,0.0,0.15494401761951304,0.9210386009327398,1.0789613990672606,0.0,0.0,0.9558239763791209,0.8606558864653695,0.0,0.1573129266991642
125,6,6,False,0.9204592624969882,0.9038362992906687,0.0,0.17570443821234316,1.0476975377214102,0.9038362992906687,0.0,0.04846616298792144,0.6422415141314812,1.1820540476561758,0.0,0.17570443821234322,0.83529414280722,0.955142886625973,0.0,0.1901638561228756
126,1,1,False,1.253100636872735,0.746899363127265,0.0,0.0,1.1925426718803258,0.7289462362801167,0.0,0.07139667819261902,1.2410018062452328,0.7589981937547675,0.0,0.0,1.2006571694611472,0.7490033723010141,0.0,0.048179795830960666
127,8,8,True,0.8022739680690414,0.746899363127265,0.0,0.4508266688036937,1.0939851544577248,0.7289462362801167,0.0,0.16995419561521985,0.6934062229590359,0.8557671082372706,0.0,0.4508266688036938,0.9333171135255303,0.846539557397044,0.0,0.21807304661221813
128,4,4,False,1.253100636872735,0.746899363127265,0.0,0.0,1.1089953324534316,0.7289462362801167,0.0,0.15494401761951304,1.226615951893169,0.7733840481068313,0.0,0.0,1.1158488176734982,0.7634826025229904,0.0,0.11850891739663319
129,1,1,False,1.0961637007093314,0.9038362992906687,0.0,0.0,1.1820268980883615,0.7296149082677823,0.0,0.07111427827431792,1.0841576790628016,0.9158423209371988,0.0,0.0,1.1839962134671083,0.7472989389202381,0.0,0.048179795830960666
130,7,8,True,1.0961637007093314,0.9038362992906687,0.0,0.0,1.0864335482833667,0.9038362992906687,0.0,0.009730152425964813,0.9419140988528887,1.0580859011471115,0.0,0.0,0.8927434638445179,1.0580859011471115,0.0,0.049170635008370836
131,7,7,False,1.253100636872735,0.746899363127265,0.0,0.0,1.0993665428840937,0.746899363127265,0.0,0.15373409398864102,1.1430269529576313,0.8569730470423691,0.0,0.0,0.9316275859042809,0.8569730470423691,0.0,0.2113993670533506
132,5,5,False,1.253100636872735,0.746899363127265,0.0,0.0,1.1089953324534316,0.7289462362801167,0.0,0.15494401761951304,1.1286482805205225,0.8713517194794779,0.0,0.0,0.9786204576001261,0.8606558864653695,0.0,0.1573129266991642
133,5,5,False,1.0961637007093314,0.9038362992906687,0.0,0.0,1.0949537770784594,0.9038362992906687,0.0,0.0012099236308720106,0.9210386009327398,1.0789613990672606,0.0,0.0,0.9206180725366979,1.0789613990672606,0.0,0.0004205283960418955
134,4,6,True,1.0961637007093314,0.9038362992906687,0.0,0.0,1.0949537770784594,0.9038362992906687,0.0,0.0012099236308720106,1.0632717541682173,0.936728245831783,0.0,0.0,1.0629044678800614,0.936728245831783,0.0,0.0003672862881556914
135,1,3,True,1.0961637007093314,0.9038362992906687,0.0,0.0,1.1953268458676956,0.7296149082677823,1.7243915369538254,0.01820653616935873,1.0841576790628016,0.9158423209371988,0.0,0.0,1.3142166407310067,0.5806112180118095,3.4987319472297984,0.004159088562229846
136,7,7,False,1.0961637007093314,0.9038362992906687,0.0,0.0,1.0900895159078594,0.7289462362801167,0.0,0.16345286364741934,0.9419140988528887,1.0580859011471115,0.0,0.0,0.9069295201807954,0.8530570920939716,0.0,0.21948833594353978
137,6,8,True,0.9204592624969882,0.9038362992906687,0.0,0.17570443821234316,1.0476975377214102,0.9038362992906687,0.0,0.04846616298792144,0.6422415141314812,1.1820540476561758,0.0,0.17570443821234322,0.8141134170084975,1.1181578976544646,1.456201378499876,0.028614687844421963
138,2,4,True,1.0961637007093314,0.9038362992906687,0.0,0.0,1.2353358433859203,0.7289462362801167,0.0,0.01820653616935873,1.2971397531850557,0.7028602468149446,0.0,0.0,1.386966946423867,0.5868994597681415,0.0,0.005483412535598106
139,8,8,False,1.0961637007093314,0.9038362992906687,0.0,0.0,1.0882693779301091,0.9038362992906687,0.0,0.00789432277922221,0.9436649262079071,1.0563350737920933,0.0,0.0,0.9316394780161201,1.0563350737920933,0.0,0.012025448191786844
140,6,6,False,0.9204592624969882,0.9038362992906687,0.0,0.17570443821234316,1.066568137059004,0.7296149082677823,0.0,0.18657303930367555,0.6422415141314812,1.1820540476561758,0.0,0.17570443821234322,0.8294560390724741,0.9734012550478105,0.0,0.18073125792463868
141,6,6,False,0.9204592624969882,0.9038362992906687,0.0,0.17570443821234316,1.0476975377214102,0.9038362992906687,0.0,0.04846616298792144,0.6422415141314812,1.1820540476561758,0.0,0.17570443821234322,0.8113937805796402,1.1820540476561758,0.0,0.006552171764184356
142,8,8,False,1.0961637007093314,0.9038362992906687,0.0,0.0,1.0882693779301091,0.9038362992906687,0.0,0.00789432277922221,0.9436649262079071,1.0563350737920933,0.0,0.0,0.9316394780161201,1.0563350737920933,0.0,0.012025448191786844
143,8,8,True,1.0961637007093314,0.9038362992906687,0.0,0.0,1.0882693779301091,0.9038362992906687,0.0,0.00789432277922221,0.9436649262079071,1.0563350737920933,0.0,0.0,0.9316394780161201,1.0563350737920933,0.0,0.012025448191786844
144,6,6,False,1.0631814747683317,0.746899363127265,0.0,0.18991916210440318,1.083353305323517,0.746899363127265,0.0,0.169747331549218,0.867720731917583,0.9423601059780141,0.0,0.1899191621044032,0.8610396446660549,0.933595182456685,0.0,0.20329489041205243
145,6,8,True,0.9204592624969882,0.9038362992906687,0.0,0.17570443821234316,1.0476975377214102,0.9038362992906687,0.0,0.04846616298792144,0.6422415141314812,1.1820540476561758,0.0,0.17570443821234322,0.8313980315281697,1.083306233060882,2.250475243557961,0.04104296072258268
146,1,1,False,1.253100636872735,0.746899363127265,0.0,0.0,1.1925426718803258,0.7289462362801167,0.0,0.07139667819261902,1.2410018062452328,0.7589981937547675,0.0,0.0,1.2006571694611472,0.7490033723010141,0.0,0.048179795830960666
147,7,7,False,1.253100636872735,0.746899363127265,0.0,0.0,1.0994092793828456,0.7465651776676611,0.0,0.15395870585757238,1.1430269529576313,0.8569730470423691,0.0,0.0,0.9316275859042809,0.8569730470423691,0.0,0.2113993670533506
148,4,6,True,1.0961637007093314,0.9038362992906687,0.0,0.0,1.0949537770784594,0.9038362992906687,0.0,0.0012099236308720106,1.0632717541682173,0.936728245831783,0.0,0.0,1.0629044678800614,0.936728245831783,0.0,0.0003672862881556914
149,3,5,True,1.253100636872735,0.746899363127265,0.0,0.0,1.2639393500729448,0.7289462362801167,0.0,0.0,1.4122359136146634,0.5877640863853368,0.0,0.0,1.4328241622227522,0.5593340166957175,0.0,0.0
150,1,3,True,1.253100636872735,0.746899363127265,0.0,0.0,1.2148300743469636,0.7289462362801167,1.7243915369538254,0.01848893608765984,1.2410018062452328,0.7589981937547675,0.0,0.0,1.3471898376069382,0.5862133735946553,3.000000000000001,0.005483412535598106
151,4,6,True,1.0961637007093314,0.9038362992906687,0.0,0.0,1.0984795586614677,0.7296149082677823,0.0,0.15466161770121192,1.0632717541682173,0.936728245831783,0.0,0.0,1.0903986743598937,0.7877809729787683,0.0,0.10645955730585223
152,7,8,True,1.0961637007093314,0.9038362992906687,0.0,0.0,1.0864335482833667,0.9038362992906687,0.0,0.009730152425964813,0.9419140988528887,1.0580859011471115,0.0,0.0,0.8927434638445179,1.0580859011471115,0.0,0.049170635008370836
153,4,4,False,1.0961637007093314,0.9038362992906687,0.0,0.0,1.0949537770784594,0.9038362992906687,0.0,0.0012099236308720106,1.0632717541682173,0.936728245831783,0.0,0.0,1.0629044678800614,0.936728245831783,0.0,0.0003672862881556914
154,6,8,True,0.9204592624969882,0.9038362992906687,0.0,0.17570443821234316,1.0483981712343955,0.8929890301380119,0.08677815322125398,0.05562058711123732,0.6422415141314812,1.1820540476561758,0.0,0.17570443821234322,0.8269955504757635,0.9307160492501386,1.6788799137857437,0.18031415248973595
155,1,1,False,1.0961637007093314,0.9038362992906687,0.0,0.0,1.1821457013626597,0.7289462362801167,0.0,0.07139667819261902,1.0841576790628016,0.9158423209371988,0.0,0.0,1.1839962134671083,0.7472989389202381,0.0,0.048179795830960666
156,6,8,True,0.9204592624969882,0.9038362992906687,0.0,0.17570443821234316,1.0475593569268822,0.9038362992906687,0.026746879506626957,0.04807231096552199,0.6422415141314812,1.1820540476561758,0.0,0.17570443821234322,0.8322012238269609,1.0639226245766231,2.8256197731322894,0.047670625000578226
157,1,3,True,1.0961637007093314,0.9038362992906687,0.0,0.0,1.1892754849337794,0.7296149082677823,1.7243915369538254,0.01820653616935873,1.0841576790628016,0.9158423209371988,0.0,0.0,1.3075317005164342,0.5868994597681415,3.000000000000001,0.005483412535598106
158,1,1,False,1.0961637007093314,0.9038362992906687,0.0,0.0,1.1820268980883615,0.7296149082677823,0.0,0.07111427827431792,1.0841576790628016,0.9158423209371988,0.0,0.0,1.1839962134671083,0.7472989389202381,0.0,0.048179795830960666
159,6,8,True,1.0631814747683317,0.746899363127265,0.0,0.18991916210440318,1.083353305323517,0.746899363127265,0.0,0.169747331549218,0.867720731917583,0.9423601059780141,0.0,0.1899191621044032,0.8487564853718321,0.8952529415930919,1.3029413442978524,0.21666165942037188
160,7,7,False,1.0961637007093314,0.9038362992906687,0.0,0.0,1.0864335482833667,0.9038362992906687,0.0,0.009730152425964813,0.9419140988528887,1.0580859011471115,0.0,0.0,0.8927434638445179,1.0580859011471115,0.0,0.049170635008370836
161,8,8,False,0.8022739680690414,0.746899363127265,0.0,0.4508266688036937,1.09081205215164,0.746899363127265,0.0,0.1622885847210948,0.6934062229590359,0.8557671082372706,0.0,0.4508266688036938,0.9322897237930208,0.8557671082372706,0.0,0.2119431679697087
162,6,8,True,0.9204592624969882,0.9038362992906687,0.0,0.17570443821234316,1.0495218715142498,0.9038362992906687,0.5796557584734218,0.038925046537968064,0.6422415141314812,1.1820540476561758,0.0,0.17570443821234322,0.855418270311785,1.0566331185465527,5.375581926404159,0.016385106811410755
163,5,5,False,1.0961637007093314,0.9038362992906687,0.0,0.0,1.0949537770784594,0.9038362992906687,0.0,0.0012099236308720106,0.9210386009327398,1.0789613990672606,0.0,0.0,0.9206180725366979,1.0789613990672606,0.0,0.0004205283960418955
164,8,8,True,0.8022739680690414,0.746899363127265,0.0,0.4508266688036937,1.0582693779301091,0.9038362992906687,0.0,0.00789432277922221,0.6934062229590359,0.8557671082372706,0.0,0.4508266688036938,0.9084454206093667,1.0507492625445134,0.0,0.017989262403549193
165,6,6,False,0.9204592624969882,0.9038362992906687,0.0,0.17570443821234316,1.0479890398515528,0.8929890301380119,0.0,0.05815414847822298,0.6422415141314812,1.1820540476561758,0.0,0.17570443821234322,0.838201829120014,0.9400995773138681,0.0,0.19992618049514832
166,8,8,True,0.8022739680690414,0.746899363127265,0.0,0.4508266688036937,1.09081205215164,0.746899363127265,0.0,0.1622885847210948,0.6934062229590359,0.8557671082372706,0.0,0.4508266688036938,0.9322897237930208,0.8557671082372706,0.0,0.2119431679697087
167,6,8,True,1.0631814747683317,0.746899363127265,0.0,0.18991916210440318,1.0791330712287588,0.746899363127265,0.5374202188456898,0.16407312099849622,0.867720731917583,0.9423601059780141,0.0,0.1899191621044032,0.874709775629382,0.8891536533007227,1.321120086214257,0.20878475445977834
168,8,8,True,1.0961637007093314,0.9038362992906687,0.0,0.0,1.0882693779301091,0.9038362992906687,0.0,0.00789432277922221,0.9436649262079071,1.0563350737920933,0.0,0.0,0.9316394780161201,1.0563350737920933,0.0,0.012025448191786844
169,5,5,False,1.253100636872735,0.746899363127265,0.0,0.0,1.1089953324534316,0.7289462362801167,0.0,0.15494401761951304,1.1286482805205225,0.8713517194794779,0.0,0.0,0.9786204576001261,0.8606558864653695,0.0,0.1573129266991642
170,7,8,True,1.253100636872735,0.746899363127265,0.0,0.0,1.1025396451901786,0.7289462362801167,0.0,0.16139970488276606,1.1430269529576313,0.8569730470423691,0.0,0.0,0.931287280428172,0.8545348942761102,0.04158601382014218,0.2129224761312104
171,6,8,True,1.0631814747683317,0.746899363127265,0.0,0.18991916210440318,1.083353305323517,0.746899363127265,0.0,0.169747331549218,0.867720731917583,0.9423601059780141,0.0,0.1899191621044032,0.8610396446660549,0.933595182456685,0.0,0.20329489041205243
172,8,8,False,0.8022739680690414,0.746899363127265,0.0,0.4508266688036937,1.09081205215164,0.746899363127265,0.0,0.1622885847210948,0.6934062229590359,0.8557671082372706,0.0,0.4508266688036938,0.9322897237930208,0.8557671082372706,0.0,0.2119431679697087
173,7,8,True,1.0961637007093314,0.9038362992906687,0.0,0.0,1.0864335482833667,0.9038362992906687,0.0,0.009730152425964813,0.9419140988528887,1.0580859011471115,0.0,0.0,0.8927434638445179,1.0580859011471115,0.0,0.049170635008370836
174,1,1,False,1.0961637007093314,0.9038362992906687,0.0,0.0,1.1821457013626597,0.7289462362801167,0.0,0.07139667819261902,1.0841576790628016,0.9158423209371988,0.0,0.0,1.1839962134671083,0.7472989389202381,0.0,0.048179795830960666
175,4,4,False,1.0961637007093314,0.9038362992906687,0.0,0.0,1.098598361935766,0.7289462362801167,0.0,0.15494401761951304,1.0632717541682173,0.936728245831783,0.0,0.0,1.0981383992110325,0.762827631610641,0.0,0.11850891739663319
176,6,8,True,1.0631814747683317,0.746899363127265,0.0,0.18991916210440318,1.083353305323517,0.746899363127265,0.0,0.169747331549218,0.867720731917583,0.9423601059780141,0.0,0.1899191621044032,0.8598603411675105,0.9423601059780141,0.0,0.19777955285447574
177,1,3,True,1.253100636872735,0.746899363127265,0.0,0.0,1.2163868845634984,0.7289462362801167,1.7243915369538254,0.01848893608765984,1.2410018062452328,0.7589981937547675,0.0,0.0,1.338956113938266,0.574915873648425,4.566286180009575,0.0013243239733682593
178,6,8,True,0.9204592624969882,0.9038362992906687,0.0,0.17570443821234316,1.0505320880692077,0.9038362992906687,0.5641670983523168,0.039088579497082415,0.6422415141314812,1.1820540476561758,0.0,0.17570443821234322,0.8625297740007686,1.0563983650332984,5.86382547130332,0.013065051430600235
179,5,5,False,1.0961637007093314,0.9038362992906687,0.0,0.0,1.0949537770784594,0.9038362992906687,0.0,0.0012099236308720106,0.9210386009327398,1.0789613990672606,0.0,0.0,0.9206180725366979,1.0789613990672606,0.0,0.0004205283960418955
180,7,7,False,1.0961637007093314,0.9038362992906687,0.0,0.0,1.0864335482833667,0.9038362992906687,0.0,0.009730152425964813,0.9419140988528887,1.0580859011471115,0.0,0.0,0.8927434638445179,1.0580859011471115,0.0,0.049170635008370836
181,3,5,True,1.0961637007093314,0.9038362992906687,0.0,0.0,1.253542379555279,0.7289462362801167,0.0,0.0,1.332761802151781,0.6672381978482194,0.0,0.0,1.4200158020318894,0.5593340166957175,0.0,0.0
182,8,8,True,1.0961637007093314,0.9038362992906687,0.0,0.0,1.0882693779301091,0.9038362992906687,0.0,0.00789432277922221,0.9436649262079071,1.0563350737920933,0.0,0.0,0.9316394780161201,1.0563350737920933,0.0,0.012025448191786844
183,6,8,True,0.9204592624969882,0.9038362992906687,0.0,0.17570443821234316,1.0476975377214102,0.9038362992906687,0.0,0.04846616298792144,0.6422415141314812,1.1820540476561758,0.0,0.17570443821234322,0.8122974441159516,1.1146529519924129,1.5360795355486208,0.029824900353740656
184,4,4,False,1.0961637007093314,0.9038362992906687,0.0,0.0,1.0949537770784594,0.9038362992906687,0.0,0.0012099236308720106,1.0632717541682173,0.936728245831783,0.0,0.0,1.0629044678800614,0.936728245831783,0.0,0.0003672862881556914
185,4,4,False,1.253100636872735,0.746899363127265,0.0,0.0,1.1089953324534316,0.7289462362801167,0.0,0.15494401761951304,1.226615951893169,0.7733840481068313,0.0,0.0,1.1158488176734982,0.7634826025229904,0.0,0.11850891739663319
186,5,5,False,1.0961637007093314,0.9038362992906687,0.0,0.0,1.098598361935766,0.7289462362801167,0.0,0.15494401761951304,0.9210386009327398,1.0789613990672606,0.0,0.0,0.9558239763791209,0.8606558864653695,0.0,0.1573129266991642
187,6,8,True,0.9204592624969882,0.9038362992906687,0.0,0.17570443821234316,1.0409595493674066,0.9038362992906687,2.342371039234351,0.019802510259466815,0.6422415141314812,1.1820540476561758,0.0,0.17570443821234322,0.8463378257523474,1.0579575002188368,3.24123978865578,0.04671789706726295
188,8,8,False,0.8022739680690414,0.746899363127265,0.0,0.4508266688036937,1.093413423892354,0.7307765577768652,0.0,0.16289904709910774,0.6934062229590359,0.8557671082372706,0.0,0.4508266688036938,0.9219826424909975,0.8829457955444189,0.0,0.18043235732007012
189,6,6,False,0.9204592624969882,0.9038362992906687,0.0,0.17570443821234316,1.0476975377214102,0.9038362992906687,0.0,0.04846616298792144,0.6422415141314812,1.1820540476561758,0.0,0.17570443821234322,0.8113937805796402,1.1820540476561758,0.0,0.006552171764184356
190,4,6,True,1.0961637007093314,0.9038362992906687,0.0,0.0,1.0949537770784594,0.9038362992906687,0.0,0.0012099236308720106,1.0632717541682173,0.936728245831783,0.0,0.0,1.0629044678800614,0.936728245831783,0.0,0.0003672862881556914
191,7,7,False,1.253100636872735,0.746899363127265,0.0,0.0,1.0994092793828456,0.7465651776676611,0.0,0.15395870585757238,1.1430269529576313,0.8569730470423691,0.0,0.0,0.9316275859042809,0.8569730470423691,0.0,0.2113993670533506
192,7,7,False,1.0961637007093314,0.9038362992906687,0.0,0.0,1.0864335482833667,0.9038362992906687,0.0,0.009730152425964813,0.9419140988528887,1.0580859011471115,0.0,0.0,0.8927434638445179,1.0580859011471115,0.0,0.049170635008370836
193,8,8,False,0.8022739680690414,0.746899363127265,0.0,0.4508266688036937,1.0908547886503919,0.7465651776676611,0.0,0.1625131965900262,0.6934062229590359,0.8557671082372706,0.0,0.4508266688036938,0.9322897237930208,0.8557671082372706,0.0,0.2119431679697087
194,4,6,True,1.0961637007093314,0.9038362992906687,0.0,0.0,1.0949537770784594,0.9038362992906687,0.0,0.0012099236308720106,1.0632717541682173,0.936728245831783,0.0,0.0,1.0629044678800614,0.936728245831783,0.0,0.0003672862881556914
195,4,6,True,1.0961637007093314,0.9038362992906687,0.0,0.0,1.0949537770784594,0.9038362992906687,0.0,0.0012099236308720106,1.0632717541682173,0.936728245831783,0.0,0.0,1.0629044678800614,0.936728245831783,0.0,0.0003672862881556914
196,7,8,True,1.0961637007093314,0.9038362992906687,0.0,0.0,1.0864335482833667,0.9038362992906687,0.0,0.009730152425964813,0.9419140988528887,1.0580859011471115,0.0,0.0,0.891749289777421,1.057569881671451,0.8326828586388518,0.03798695377905755
197,5,7,True,1.0961637007093314,0.9038362992906687,0.0,0.0,1.0949537770784594,0.9038362992906687,0.0,0.0012099236308720106,0.9210386009327398,1.0789613990672606,0.0,0.0,0.9206180725366979,1.0789613990672606,0.0,0.0004205283960418955
198,8,8,False,1.0961637007093314,0.9038362992906687,0.0,0.0,1.0882693779301091,0.9038362992906687,0.0,0.00789432277922221,0.9436649262079071,1.0563350737920933,0.0,0.0,0.9316394780161201,1.0563350737920933,0.0,0.012025448191786844
199,5,5,False,1.0961637007093314,0.9038362992906687,0.0,0.0,1.098598361935766,0.7289462362801167,0.0,0.15494401761951304,0.9210386009327398,1.0789613990672606,0.0,0.0,0.9558239763791209,0.8606558864653695,0.0,0.1573129266991642
200,8,8,True,0.8022739680690414,0.746899363127265,0.0,0.4508266688036937,1.09081205215164,0.746899363127265,0.0,0.1622885847210948,0.6934062229590359,0.8557671082372706,0.0,0.4508266688036938,0.9322897237930208,0.8557671082372706,0.0,0.2119431679697087
201,7,7,False,1.253100636872735,0.746899363127265,0.0,0.0,1.0994092793828456,0.7465651776676611,0.0,0.15395870585757238,1.1430269529576313,0.8569730470423691,0.0,0.0,0.931779504437694,0.8500265435187437,0.0,0.21674282681492535
202,1,1,False,1.253100636872735,0.746899363127265,0.0,0.0,1.1925426718803258,0.7289462362801167,0.0,0.07139667819261902,1.2410018062452328,0.7589981937547675,0.0,0.0,1.2006571694611472,0.7490033723010141,0.0,0.048179795830960666
203,4,4,False,1.0961637007093314,0.9038362992906687,0.0,0.0,1.0949537770784594,0.9038362992906687,0.0,0.0012099236308720106,1.0632717541682173,0.936728245831783,0.0,0.0,1.0629044678800614,0.936728245831783,0.0,0.0003672862881556914
204,7,7,False,1.0961637007093314,0.9038362992906687,0.0,0.0,1.0864335482833667,0.9038362992906687,0.0,0.009730152425964813,0.9419140988528887,1.0580859011471115,0.0,0.0,0.8927434638445179,1.0580859011471115,0.0,0.049170635008370836
205,5,5,False,1.0961637007093314,0.9038362992906687,0.0,0.0,1.098598361935766,0.7289462362801167,0.0,0.15494401761951304,0.9210386009327398,1.0789613990672606,0.0,0.0,0.9558239763791209,0.8606558864653695,0.0,0.1573129266991642
206,8,8,True,0.8022739680690414,0.746899363127265,0.0,0.4508266688036937,1.0939851544577248,0.7289462362801167,0.0,0.16995419561521985,0.6934062229590359,0.8557671082372706,0.0,0.4508266688036938,0.9337318857355984,0.8452206011211374,0.0,0.217636783907924
207,8,8,False,1.0961637007093314,0.9038362992906687,0.0,0.0,1.0882693779301091,0.9038362992906687,0.0,0.00789432277922221,0.9436649262079071,1.0563350737920933,0.0,0.0,0.9316394780161201,1.0563350737920933,0.0,0.012025448191786844
208,6,6,False,0.9204592624969882,0.9038362992906687,0.0,0.17570443821234316,1.0476975377214102,0.9038362992906687,0.0,0.04846616298792144,0.6422415141314812,1.1820540476561758,0.0,0.17570443821234322,0.8113937805796402,1.1820540476561758,0.0,0.006552171764184356
209,6,6,False,0.9204592624969882,0.9038362992906687,0.0,0.17570443821234316,1.0476975377214102,0.9038362992906687,0.0,0.04846616298792144,0.6422415141314812,1.1820540476561758,0.0,0.17570443821234322,0.8113937805796402,1.1820540476561758,0.0,0.006552171764184356
210,5,5,False,1.0961637007093314,0.9038362992906687,0.0,0.0,1.0949537770784594,0.9038362992906687,0.0,0.0012099236308720106,0.9210386009327398,1.0789613990672606,0.0,0.0,0.9206180725366979,1.0789613990672606,0.0,0.0004205283960418955
211,4,4,False,1.253100636872735,0.746899363127265,0.0,0.0,1.1089953324534316,0.7289462362801167,0.0,0.15494401761951304,1.226615951893169,0.7733840481068313,0.0,0.0,1.1158488176734982,0.7634826025229904,0.0,0.11850891739663319
212,1,1,False,1.0961637007093314,0.9038362992906687,0.0,0.0,1.1820268980883615,0.7296149082677823,0.0,0.07111427827431792,1.0841576790628016,0.9158423209371988,0.0,0.0,1.1839853710975068,0.7474645534459854,0.0,0.04810030841298556
213,6,8,True,0.9204592624969882,0.9038362992906687,0.0,0.17570443821234316,1.0633933589379683,0.7307765577768652,0.7047576555017792,0.17438270019551963,0.6422415141314812,1.1820540476561758,0.0,0.17570443821234322,0.8427027705143333,0.8977805723383643,2.5915481670920117,0.19135704998269806
214,4,4,False,1.0961637007093314,0.9038362992906687,0.0,0.0,1.0949537770784594,0.9038362992906687,0.0,0.0012099236308720106,1.0632717541682173,0.936728245831783,0.0,0.0,1.0629044678800614,0.936728245831783,0.0,0.0003672862881556914
215,1,1,False,1.0961637007093314,0.9038362992906687,0.0,0.0,1.1820268980883615,0.7296149082677823,0.0,0.07111427827431792,1.0841576790628016,0.9158423209371988,0.0,0.0,1.1839962134671083,0.7472989389202381,0.0,0.048179795830960666
216,7,7,False,1.0961637007093314,0.9038362992906687,0.0,0.0,1.0864335482833667,0.9038362992906687,0.0,0.009730152425964813,0.9419140988528887,1.0580859011471115,0.0,0.0,0.8927434638445179,1.0580859011471115,0.0,0.049170635008370836
217,5,7,True,1.253100636872735,0.746899363127265,0.0,0.0,1.1089953324534316,0.7289462362801167,0.0,0.15494401761951304,1.1286482805205225,0.8713517194794779,0.0,0.0,0.9786204576001261,0.8606558864653695,0.0,0.1573129266991642
218,8,8,False,1.0961637007093314,0.9038362992906687,0.0,0.0,1.0882693779301091,0.9038362992906687,0.0,0.00789432277922221,0.9436649262079071,1.0563350737920933,0.0,0.0,0.9316394780161201,1.0563350737920933,0.0,0.012025448191786844
219,6,8,True,0.9204592624969882,0.9038362992906687,0.0,0.17570443821234316,1.0476975377214102,0.9038362992906687,0.0,0.04846616298792144,0.6422415141314812,1.1820540476561758,0.0,0.17570443821234322,0.827740519985305,1.0849826620994856,2.2122692127265813,0.04025833120225348
220,7,7,False,1.0961637007093314,0.9038362992906687,0.0,0.0,1.0900895159078594,0.7289462362801167,0.0,0.16345286364741934,0.9419140988528887,1.0580859011471115,0.0,0.0,0.9048046131520315,0.8843388362041863,0.0,0.19549575528829619
221,3,5,True,1.0961637007093314,0.9038362992906687,0.0,0.0,1.253542379555279,0.7289462362801167,0.0,0.0,1.332761802151781,0.6672381978482194,0.0,0.0,1.4200158020318894,0.5593340166957175,0.0,0.0
222,7,7,False,1.253100636872735,0.746899363127265,0.0,0.0,1.0993665428840937,0.746899363127265,0.0,0.15373409398864102,1.1430269529576313,0.8569730470423691,0.0,0.0,0.9316275859042809,0.8569730470423691,0.0,0.2113993670533506
223,6,6,False,1.0631814747683317,0.746899363127265,0.0,0.18991916210440318,1.0833070826254823,0.7465651776676611,0.0,0.17006090261493578,0.867720731917583,0.9423601059780141,0.0,0.1899191621044032,0.8609096444891744,0.9343268750567844,0.0,0.20298587502887344
224,5,7,True,1.0961637007093314,0.9038362992906687,0.0,0.0,1.0949537770784594,0.9038362992906687,0.0,0.0012099236308720106,0.9210386009327398,1.0789613990672606,0.0,0.0,0.9206180725366979,1.0789613990672606,0.0,0.0004205283960418955
225,6,8,True,1.0631814747683317,0.746899363127265,0.0,0.18991916210440318,1.083353305323517,0.746899363127265,0.0,0.169747331549218,0.867720731917583,0.9423601059780141,0.0,0.1899191621044032,0.861135938726853,0.9365101865626255,0.1777605425168244,0.19825157504852522
226,5,5,False,1.0961637007093314,0.9038362992906687,0.0,0.0,1.0984795586614677,0.7296149082677823,0.0,0.15466161770121192,0.9210386009327398,1.0789613990672606,0.0,0.0,0.954900982924541,0.8685780323250158,0.0,0.15599593296875006
227,8,8,False,1.0961637007093314,0.9038362992906687,0.0,0.0,1.0882693779301091,0.9038362992906687,0.0,0.00789432277922221,0.9436649262079071,1.0563350737920933,0.0,0.0,0.9316394780161201,1.0563350737920933,0.0,0.012025448191786844
228,1,3,True,1.0961637007093314,0.9038362992906687,0.0,0.0,1.207508903198228,0.7296149082677823,1.7243915369538254,0.01820653616935873,1.0841576790628016,0.9158423209371988,0.0,0.0,1.3392531823383496,0.5868994597681415,3.000000000000001,0.005483412535598106
229,8,8,False,0.8022739680690414,0.746899363127265,0.0,0.4508266688036937,1.0939851544577248,0.7289462362801167,0.0,0.16995419561521985,0.6934062229590359,0.8557671082372706,0.0,0.4508266688036938,0.9333300593167781,0.8464003955736504,0.0,0.2181098827026931
230,5,5,False,1.0961637007093314,0.9038362992906687,0.0,0.0,1.0962163307168546,0.741623826929522,0.0,0.14593859511750892,0.9210386009327398,1.0789613990672606,0.0,0.0,0.9472403131126492,0.9078524306201596,0.0,0.1303452424821928
231,7,7,False,1.0961637007093314,0.9038362992906687,0.0,0.0,1.0864335482833667,0.9038362992906687,0.0,0.009730152425964813,0.9419140988528887,1.0580859011471115,0.0,0.0,0.8927434638445179,1.0580859011471115,0.0,0.049170635008370836
232,6,8,True,1.0631814747683317,0.746899363127265,0.0,0.18991916210440318,1.0521365808450303,0.746899363127265,2.993316290807922,0.15375184179157053,0.867720731917583,0.9423601059780141,0.0,0.1899191621044032,0.8843099525678539,0.8569730470423691,3.000000000000001,0.2113993670533506
233,7,7,False,1.0961637007093314,0.9038362992906687,0.0,0.0,1.0876961019217617,0.741623826929522,0.0,0.15445882391260177,0.9419140988528887,1.0580859011471115,0.0,0.0,0.8927434638445179,1.0580859011471115,0.0,0.049170635008370836
234,6,8,True,0.9204592624969882,0.9038362992906687,0.0,0.17570443821234316,1.0485025216309733,0.9038362992906687,2.913221846778746,0.010318219768911875,0.6422415141314812,1.1820540476561758,0.0,0.17570443821234322,0.8561920785396079,1.0570171205674441,4.758698049944371,0.025791715690595247
235,8,8,False,0.8022739680690414,0.746899363127265,0.0,0.4508266688036937,1.0908547886503919,0.7465651776676611,0.0,0.1625131965900262,0.6934062229590359,0.8557671082372706,0.0,0.4508266688036938,0.9322897237930208,0.8557671082372706,0.0,0.2119431679697087
236,1,1,False,1.0961637007093314,0.9038362992906687,0.0,0.0,1.1820268980883615,0.7296149082677823,0.0,0.07111427827431792,1.0841576790628016,0.9158423209371988,0.0,0.0,1.1839962134671083,0.7472989389202381,0.0,0.048179795830960666
237,1,3,True,1.253100636872735,0.746899363127265,0.0,0.0,1.2013126764566173,0.7289462362801167,1.7243915369538254,0.01848893608765984,1.2410018062452328,0.7589981937547675,0.0,0.0,1.3236730243994952,0.5862133735946553,3.000000000000001,0.005483412535598106
238,6,8,True,0.9204592624969882,0.9038362992906687,0.0,0.17570443821234316,1.0480151162781113,0.8929890301380119,0.08677815322125398,0.05562058711123732,0.6422415141314812,1.1820540476561758,0.0,0.17570443821234322,0.8195036892098688,0.9318379447881313,1.7960875688963411,0.1787989148822694
239,2,2,False,1.0961637007093314,0.9038362992906687,0.0,0.0,1.2353358433859203,0.7289462362801167,0.0,0.01820653616935873,1.2971397531850557,0.7028602468149446,0.0,0.0,1.386966946423867,0.5868994597681415,0.0,0.005483412535598106
